{
  "ss_replaceable": 0.09910743969214181,
  "intervention_load_bearing": 0.05522061680925855,
  "metadata": {
    "method": "99th percentile of bootstrap-CI upper bounds on known-archetype seeds (v0.3.0: CI-aware percentile so calibration seeds' CIs stay clear of threshold)",
    "n_seeds_per_archetype": 30,
    "n_samples_per_dataset": 400,
    "calibration_seed_offset": 100,
    "archetypes_for_ss": [
      "regularizer",
      "dead_weight"
    ],
    "archetypes_for_delta": [
      "ignored",
      "dead_weight"
    ],
    "raw_ss_scores": {
      "regularizer": [
        0.05661141758354793,
        0.06807651224281308,
        0.05694451367350861,
        0.05552185272846977,
        0.06976788248649812,
        0.06665969795599735,
        0.05756599922461392,
        0.07241516646030477,
        0.07138053894983176,
        0.06405433023899454,
        0.06510033920709346,
        0.06823387509707457,
        0.06697136175171647,
        0.05207254775867931,
        0.06437248263256601,
        0.06811812177752674,
        0.05767653375212367,
        0.054925849945892447,
        0.05381292040047381,
        0.06520957157867846,
        0.06791534262926924,
        0.06204851264425415,
        0.07641284337903731,
        0.06293316575863073,
        0.06692775193695288,
        0.048438226399132533,
        0.060214286727644284,
        0.05875233993895834,
        0.06016432535159033,
        0.05897397989301445
      ],
      "dead_weight": [
        0.05661141758354793,
        0.06807651224281308,
        0.05694451367350861,
        0.05552185272846977,
        0.06976788248649812,
        0.06665969795599735,
        0.05756599922461392,
        0.07241516646030477,
        0.07138053894983176,
        0.06405433023899454,
        0.06510033920709346,
        0.06823387509707457,
        0.06697136175171647,
        0.05207254775867931,
        0.06437248263256601,
        0.06811812177752674,
        0.05767653375212367,
        0.054925849945892447,
        0.05381292040047381,
        0.06520957157867846,
        0.06791534262926924,
        0.06204851264425415,
        0.07641284337903731,
        0.06293316575863073,
        0.06692775193695288,
        0.048438226399132533,
        0.060214286727644284,
        0.05875233993895834,
        0.06016432535159033,
        0.05897397989301445
      ]
    },
    "raw_ss_ci_upper": {
      "regularizer": [
        0.07702685313400445,
        0.08562652266925116,
        0.07633860463794896,
        0.06641797777409936,
        0.08940293594039896,
        0.08375904691952976,
        0.0727805718454235,
        0.09079853556285179,
        0.0870761951958342,
        0.07778998661785273,
        0.0795763511358257,
        0.08699022898113705,
        0.08832464897919139,
        0.06384888423385278,
        0.08062019631907677,
        0.08592870589189629,
        0.07103579796831686,
        0.06854522204519971,
        0.06881081602256217,
        0.08082244461423045,
        0.0848736306047135,
        0.07656991585473549,
        0.09910743969214181,
        0.07867531306069675,
        0.08516089666255267,
        0.06023938292914692,
        0.07387269608985099,
        0.07306454973045251,
        0.07442920988757787,
        0.07386265521269023
      ],
      "dead_weight": [
        0.07702685313400445,
        0.08562652266925116,
        0.07633860463794896,
        0.06641797777409936,
        0.08940293594039896,
        0.08375904691952976,
        0.0727805718454235,
        0.09079853556285179,
        0.0870761951958342,
        0.07778998661785273,
        0.0795763511358257,
        0.08699022898113705,
        0.08832464897919139,
        0.06384888423385278,
        0.08062019631907677,
        0.08592870589189629,
        0.07103579796831686,
        0.06854522204519971,
        0.06881081602256217,
        0.08082244461423045,
        0.0848736306047135,
        0.07656991585473549,
        0.09910743969214181,
        0.07867531306069675,
        0.08516089666255267,
        0.06023938292914692,
        0.07387269608985099,
        0.07306454973045251,
        0.07442920988757787,
        0.07386265521269023
      ]
    },
    "raw_delta_scores": {
      "ignored": [
        0.0027175409549782155,
        0.004242017920727848,
        0.005677239609044897,
        0.007231828999840994,
        0.009260599713773627,
        0.0009457108074960774,
        0.0076906209777621685,
        0.004022655064005764,
        0.01569878728683117,
        0.0031543032855023937,
        0.00678058505290442,
        0.0054039094940966466,
        0.0023120795086983745,
        0.001202155951744536,
        0.0036089746620075426,
        0.0047202795827655415,
        0.010047344849599021,
        0.008479695796820813,
        0.0020392305747946155,
        0.00046179232630530394,
        0.005870017121306174,
        0.002439905378130901,
        0.03707579863958889,
        0.0066191661609942025,
        0.018667050908807343,
        0.00681578312135159,
        0.003071513413646546,
        0.0013162605780509872,
        0.0008746742034277609,
        0.007485645075954681
      ],
      "dead_weight": [
        0.0027223169436293685,
        0.0025340544680989285,
        0.00949767223018821,
        0.0007899667977709785,
        0.006371533151955692,
        0.005885700775256229,
        0.0026817454613500434,
        0.0054624772096019975,
        0.004033595613984228,
        0.009431020324448737,
        0.0034144575516330154,
        0.03707640497386769,
        0.0031316567946631873,
        0.0010338754348691477,
        0.008058879878447727,
        0.003172432532146735,
        0.0033149880056246635,
        0.0002406624045318176,
        0.01579316821733719,
        0.008145267917370686,
        0.005518633025210727,
        0.003645979642780223,
        0.0026232353731051312,
        0.016106976358748273,
        0.007962970183201185,
        0.0043350832559020044,
        0.002613295981669989,
        0.0005449456274077438,
        0.001480158372803054,
        0.0032492700054386993
      ]
    },
    "raw_delta_ci_upper": {
      "ignored": [
        0.004319284874357113,
        0.007819725203662002,
        0.007834883418252229,
        0.010119543186748478,
        0.013326057802441678,
        0.0017231994752274571,
        0.011688157424110484,
        0.006671305812784071,
        0.02234281526965941,
        0.004862455891868967,
        0.010434936111193291,
        0.008360977041872419,
        0.003373441345154061,
        0.0023118124548223216,
        0.006749363353079823,
        0.007917060256091622,
        0.014067092870662537,
        0.01130879063511149,
        0.003221278577469095,
        0.0009853614279461214,
        0.008256208805692222,
        0.003940145567346708,
        0.05665934479928811,
        0.01001054496342933,
        0.025598108407024523,
        0.010613338889144092,
        0.004798602740503231,
        0.002226457098663632,
        0.0013453253309855585,
        0.011830453227002779
      ],
      "dead_weight": [
        0.003957167694693177,
        0.004185206004792792,
        0.013655531367965157,
        0.0015678528564815211,
        0.010031122318693015,
        0.008108157046034382,
        0.004187754002147655,
        0.0074951891518092745,
        0.00647076633693695,
        0.01392181708816897,
        0.005551340033880267,
        0.054220822782288874,
        0.004664576048072195,
        0.0016754750343777717,
        0.011611900717258108,
        0.0043046842053390336,
        0.00537939183025436,
        0.0006445177961736545,
        0.027149202925049555,
        0.011835021870885245,
        0.008373930374275099,
        0.005904209658137166,
        0.0042842569298449365,
        0.02547275314236466,
        0.012776047933639118,
        0.0066083470759708465,
        0.0037249269110364606,
        0.000899069021484711,
        0.00244548453217928,
        0.004908925247374255
      ]
    },